,risk_cluster,actual_default,predicted_pd,credit_amount,duration_months,age_years,ead_proxy,expected_loss_proxy
828,1,1,0.5486907069118766,8335,36,47,8335,2058.001668949721
997,0,0,0.11703232998335539,804,12,38,804,42.34229698797798
148,1,0,0.6782937306638198,5371,36,28,5371,1639.4020323279194
735,1,0,0.9167151954017025,3990,36,29,3990,1645.962133343757
130,1,0,0.5705957689481893,8487,48,24,8487,2179.1908309784776
654,0,0,0.025558512917891137,2346,24,35,2346,26.982122087417675
784,1,0,0.26917038091674145,6468,20,60,6468,783.4473106962677
318,0,0,0.2586647932165141,701,12,32,701,81.59580902014937
272,1,0,0.9096050836507628,12169,48,36,12169,4981.042918325759
783,0,1,0.8837195684352177,836,12,23,836,332.4553016453289
567,0,0,0.02001486207357604,2578,24,34,2578,23.219241491555564
320,1,1,0.7879635839147752,4249,30,28,4249,1506.625770624246
211,1,0,0.060031155591514805,3835,36,45,3835,103.59876676205668
782,0,0,0.24262570687212592,1410,12,31,1410,153.94601101036392
367,0,0,0.7950790567903572,3650,18,22,3650,1305.9173507781618
970,0,0,0.4492777927082715,1514,15,22,1514,306.0929601721454
896,0,0,0.6887558111567303,2606,21,28,2606,807.7039397434977
930,0,0,0.7293299854819557,1747,24,24,1747,573.3627680866394
251,0,0,0.3306001426990389,2251,12,46,2251,334.8814145469915
390,0,0,0.2409885374358458,1820,18,30,1820,197.3696121599577
741,0,0,0.5536750394595263,1048,10,23,1048,261.1131486091126
552,1,1,0.47900493327040283,6999,48,34,6999,1508.6499875817972
287,1,0,0.5206931466926337,7582,48,31,7582,1776.552947200597
652,0,1,0.8371587259546814,2303,24,45,2303,867.5894456431341
906,0,0,0.14364705576182188,3763,21,24,3763,243.24474187428106
904,0,0,0.19865460030520574,1278,24,36,1278,114.24626063552383
151,0,0,0.007916961823841058,1924,10,38,1924,6.854505547081588
834,0,1,0.37886305463117725,2327,15,25,2327,396.7264476570373
777,0,0,0.4719493095495993,3509,18,25,3509,745.2315572442948
359,0,1,0.7271015574467524,2406,30,23,2406,787.2328562475989
576,0,0,0.14181453498819166,2930,12,27,2930,186.9824643819307
770,0,0,0.2182146361708157,2812,24,26,2812,276.12880061055023
389,0,0,0.11271116845812004,1449,9,27,1449,73.49331739311718
942,0,0,0.18554392367304057,929,24,31,929,77.56663729151461
50,0,0,0.5976147920967961,2333,24,29,2333,627.4058894828215
413,0,0,0.11814221675311012,1597,10,40,1597,84.9029040696226
193,0,0,0.1134384810957883,2108,6,29,2108,107.60774316746479
350,0,0,0.263935730811415,1236,9,23,1236,146.80105347730904
994,0,0,0.03853099418018784,2390,12,50,2390,41.440084240792025
722,0,1,0.8211422200002696,1228,12,24,1228,453.763190772149
874,0,0,0.5877004099397078,3590,12,29,3590,949.430012257598
546,0,0,0.20263037543248782,2022,24,37,2022,184.37337860602065
759,0,1,0.5010944489367375,691,12,35,691,155.81531889687852
233,0,0,0.6138241304289804,866,18,25,866,239.20726362817368
809,0,1,0.8379476288390754,1778,15,26,1778,670.4418978341442
306,1,0,0.1370609348703461,4811,30,24,4811,296.73007094755576
490,0,0,0.0906198539284919,1934,12,26,1934,78.8664588739665
288,0,0,0.29598140024069686,1092,12,49,1092,145.44526007827844
727,0,1,0.9428424763016229,1882,18,25,1882,798.4932931798444
198,0,0,0.1918153073312979,2760,24,36,2760,238.234611705472
583,0,1,0.937259644625055,2384,36,33,2384,1005.492146753759
752,0,0,0.3754423203934623,841,12,23,841,142.08614615290583
301,1,1,0.7459822725677848,3804,36,42,3804,1276.9724541815342
591,0,0,0.595537140592342,1965,24,42,1965,526.6037165687784
125,0,0,0.4621625080489069,2121,12,30,2121,441.11100580727924
489,0,0,0.16540797392593867,3518,6,26,3518,261.8573635221535
606,1,0,0.1540193899686941,4526,24,74,4526,313.69129154923934
623,0,0,0.871890464532773,1858,12,22,1858,728.9876173958514
72,0,0,0.5119507942542748,1164,8,51,1164,268.1598260303892
754,0,1,0.15458489061399366,1555,12,55,1555,108.17077720714208
512,0,0,0.15421363279229347,2687,15,26,2687,186.46741409080164
217,1,0,0.34248781055796823,3913,36,23,3913,603.0696612209983
105,1,1,0.5388935953948721,11938,24,39,11938,2894.9902838207927
656,0,1,0.7951344465356782,888,12,41,888,317.73572483565704
399,0,0,0.05172757762963536,1516,24,43,1516,35.288553458937244
208,1,0,0.8908586728567509,6568,24,21,6568,2633.021893495413
980,1,1,0.3447854906681174,8386,30,49,8386,1301.1170061342748
747,0,1,0.7517366155880384,1274,12,37,1274,430.97060171662247
99,1,0,0.3901183980555625,7057,20,36,7057,1238.879490785147
948,0,1,0.6101386558831194,1533,18,43,1533,420.90415176096997
785,0,0,0.21866888216926783,1941,18,35,1941,190.99633513074698
432,0,0,0.3414230438857313,1872,6,36,1872,287.61477216934003
635,0,0,0.5210541572401026,1393,12,47,1393,326.62279846595834
597,1,1,0.4942209320995361,4241,24,36,4241,943.1959378653597
736,1,1,0.7381487577666561,11560,24,23,11560,3839.8498379021453
639,1,1,0.7914018879413202,4370,42,26,4370,1556.2918126366062
986,1,0,0.9288530644464817,6289,42,33,6289,2628.7006150367656
607,1,1,0.6998079671531967,2671,36,50,2671,841.1341861197848
447,0,0,0.10929947019347995,2576,7,35,2576,126.69994584828197
62,0,1,0.829752940249752,1953,36,61,1953,729.2283715384946
603,1,1,0.40698555651094614,3349,36,28,3349,613.3475829398215
985,0,0,0.742786543863833,1433,15,25,1433,478.98590281059273
655,0,0,0.7942971481026927,3973,14,22,3973,1420.0841562353992
239,0,0,0.2515347883564849,2522,30,39,2522,285.46683130577475
513,0,0,0.6842009356793904,585,12,20,585,180.11589631759955
928,0,0,0.10642554385065159,1867,30,58,1867,89.41342066612494
852,0,0,0.094302469689963,1471,15,35,1471,62.42351981127101
646,1,0,0.909902498872125,4583,30,32,4583,1876.537418548927
862,0,1,0.6191941677410893,2439,24,35,2439,679.5965588042325
999,1,0,0.27310487865927563,4576,45,27,4576,562.3775661351804
244,0,0,0.18145909099173443,3447,12,35,3447,281.4702689918289
0,0,0,0.13493584773482323,1169,6,67,1169,70.98300270090375
79,0,0,0.6989663011126347,3832,30,22,3832,1205.2974896386272
504,0,1,0.9696290456700007,1207,24,24,1207,526.6540161556609
51,1,0,0.23159676524567152,5965,27,30,5965,621.6636171106937
213,0,1,0.42357836155949696,1908,30,66,1908,363.68438123498413
893,1,0,0.35550103757411783,5800,36,34,5800,927.8577080684474
305,0,0,0.12144412785503753,1543,6,33,1543,84.32473017614531
972,0,1,0.9778417975816767,1193,24,29,1193,524.9543690317231
599,0,0,0.1582043300342895,3863,24,32,3863,275.01449711510713
837,0,0,0.4060069402171376,601,4,23,601,109.80457698172488
610,0,1,0.6870826141965586,741,12,22,741,229.1076977038425
694,0,0,0.16506664437248478,2284,24,28,2284,169.65549708603987
750,0,0,0.6199268006245585,428,6,49,428,119.39790180028997
850,0,1,0.6906878059204491,2235,20,33,2235,694.6592608044916
969,0,0,0.21727998461032436,3939,11,40,3939,385.13963672103046
33,0,0,0.15432556968062813,1264,12,57,1264,87.78038403434128
503,0,1,0.86372367938086,1216,24,38,1216,472.6295973572066
474,0,1,0.5503637050644132,1245,18,33,1245,308.3412657623375
467,1,0,0.5979701604712656,7238,48,32,7238,1947.6486096709593
462,0,0,0.5805512939628813,3017,12,34,3017,788.1854642487059
424,0,1,0.25119345995969056,2762,12,25,2762,312.2083513838994
267,0,0,0.3573922493937861,1533,24,38,1533,246.54704324430335
684,1,0,0.48956106347000056,9857,36,31,9857,2171.5215311807083
864,0,1,0.4263606979133281,2210,10,25,2210,424.0157140748048
950,0,0,0.28436515217795877,3590,18,40,3590,459.39190334349234
58,0,0,0.721929446333213,1961,18,23,1961,637.0666399167438
378,1,1,0.9704079079930263,14318,36,57,14318,6252.435191989868
77,1,0,0.24474147823512213,4771,11,51,4771,525.4477166968954
451,0,0,0.123047783629217,518,6,29,518,28.682438363970487
12,0,0,0.26333806072307764,1567,12,22,1567,185.6928335188782
568,1,0,0.372606665518047,3979,48,41,3979,667.170864943339
212,1,1,0.8178346564742063,5293,27,50,5293,1947.9594765230884
322,0,0,0.18292586580444747,2910,24,34,2910,239.54142127092396
650,1,0,0.9184208412737119,7476,48,50,7476,3089.7513942130217
291,1,1,0.6445520735868423,9398,36,28,9398,2725.8751744061146
37,0,1,0.5140082015496967,2100,18,37,2100,485.73775046446343
913,0,0,0.04119504342723667,2142,11,28,2142,39.707902359513426
397,0,0,0.4603274144185354,2348,36,46,2348,486.3819460746245
278,1,1,0.4329999676828335,4611,6,32,4611,898.4532829434954
271,0,0,0.030040119617592585,1402,12,37,1402,18.952311466739165
792,0,0,0.04384871957955323,1221,6,27,1221,24.092678972985524
847,0,0,0.7068986321273463,1249,24,28,1249,397.31237618717495
36,1,0,0.5501368552666632,6110,48,31,6110,1512.6012835556905
580,0,1,0.6437708945015485,1056,18,30,1056,305.9199290671358
5,1,0,0.5896282882437908,9055,36,35,9055,2402.587867521386
165,0,0,0.048099429940090324,2978,6,32,2978,64.45804606271504
836,0,0,0.13770704091549504,886,12,21,886,54.90379721300788
661,0,1,0.6259667494913765,900,12,23,900,253.5165335440075
135,0,0,0.02835287547544389,1240,12,38,1240,15.820904515297691
494,0,0,0.20438999961495477,2122,12,39,2122,195.1720106323203
407,0,0,0.49976084721114683,1053,15,27,1053,236.8116774510019
114,0,0,0.3591743380463877,1680,12,35,1680,271.53579956306913
857,0,0,0.10958783567680036,3343,15,28,3343,164.85846060039464
626,0,0,0.16451616448656614,2116,6,41,2116,156.6522918241083
458,0,0,0.5627964777461122,343,6,27,343,86.86763634011241
242,1,1,0.9077215607061301,4605,48,24,4605,1881.0260041732781
675,1,0,0.19037693329965819,4530,30,26,4530,388.0833785313532
813,1,1,0.6582127335332083,3051,48,54,3051,903.6931725044184
410,0,0,0.6536386331412937,1967,24,20,1967,578.5682361250161
907,1,0,0.6243181960734795,3711,36,27,3711,1042.5801715329071
35,1,1,0.7167227665559114,4746,45,25,4746,1530.70481253346
940,0,0,0.04692839398692504,3527,12,45,3527,74.48240051634808
602,0,1,0.9529961336266627,1837,24,34,1837,787.7942538624808
808,1,0,0.6951934221366235,9283,42,55,9283,2904.0662419624246
881,1,0,0.18925750302168395,9277,24,48,9277,790.083834989473
144,0,0,0.3168770208136057,2288,21,23,2288,326.2565806296884
553,0,0,0.3447251406947976,1995,12,27,1995,309.47699505875454
600,0,0,0.12673246714302186,2329,7,45,2329,132.82196218924406
932,0,0,0.13344778249886804,1224,9,30,1224,73.50303860037651
419,0,1,0.6573426674133199,1042,18,33,1042,308.2279767501057
487,0,0,0.6356943003903534,3757,24,62,3757,1074.7365689549508
196,0,0,0.03457906926906936,1382,6,28,1382,21.504723178434237
422,0,0,0.20857980268030935,958,12,47,958,89.91875293548136
951,0,1,0.6337647849567025,2145,36,24,2145,611.7414586794572
493,0,0,0.07598596241252592,368,6,38,368,12.583275375514294
388,0,0,0.19343279017539552,2326,15,27,2326,202.46610147658652
987,0,0,0.16470032405298918,1409,13,64,1409,104.4282404657978
331,0,1,0.32612941539458096,1864,18,30,1864,273.5573536329745
497,0,0,0.09694430365748362,1585,24,40,1585,69.1455245837002
370,1,0,0.1270970174396623,3079,36,36,3079,176.0992725135241
870,1,0,0.26981752336515546,7678,36,40,7678,932.2465249789487
392,1,0,0.7454681107503819,3249,36,39,3249,1089.9116513225958
206,0,0,0.05334486087806128,1935,12,43,1935,46.45003760957186
967,0,0,0.5235065676382573,3568,15,54,3568,840.5421449999859
701,1,1,0.5289712505512439,6331,48,46,6331,1507.0126442579665
952,1,1,0.658365381164263,4113,24,28,4113,1218.5355657278762
767,0,0,0.02544744021106351,2901,10,31,2901,33.22036082353286
670,1,0,0.11044253415222405,4139,24,27,4139,205.7047419852249
26,0,0,0.19558641027837406,426,6,39,426,37.493914850364305
436,0,0,0.16271833240412076,660,6,23,660,48.32734472402387
457,0,1,0.2012290480259831,3386,12,35,3386,306.61270047719046
517,1,1,0.608766933561671,7127,36,23,7127,1952.4068709723133
195,0,1,0.3291905174223501,1501,9,34,1501,222.35173499292637
719,1,0,0.8339897982002384,6148,20,31,6148,2307.3161757007797
464,0,0,0.22874505997267675,1950,18,34,1950,200.72379012602386
241,0,0,0.08168752428517725,1595,6,51,1595,58.63122055568598
158,0,0,0.42369837794197934,3512,24,38,3512,669.6129164995041
957,0,0,0.1296364311216139,1154,9,37,1154,67.3201986814541
446,0,1,0.921639787550519,1842,36,34,1842,763.9472199006252
609,0,0,0.2344351129119883,1300,15,45,1300,137.14454105351317
108,1,0,0.3201821982002369,7721,24,30,7721,1112.4570385368131
9,1,1,0.8195508692236837,5234,30,28,5234,1930.2881622825423
962,0,0,0.20610900728402057,3556,15,29,3556,329.8156334558897
625,0,0,0.10860130949517903,1979,15,35,1979,96.71489617093168
768,0,0,0.1660883657164894,3617,12,28,3617,270.333728458444
720,0,1,0.6246366072659425,1337,9,34,1337,375.8126147615543
525,1,0,0.5716507961630626,7966,26,30,7966,2049.1966090057304
673,0,0,0.08696236038317427,2080,6,24,2080,81.39676931865112
679,0,0,0.27767996540375967,1453,18,26,1453,181.56104537924827
189,0,0,0.7794414447562977,3244,18,33,3244,1137.8286210552433
152,1,0,0.8354812468042384,5848,36,24,5848,2198.6524490900338
590,0,0,0.25779839744622357,385,12,58,385,44.66357235755823
601,0,1,0.6163247782687173,918,9,30,918,254.6037659028071
132,0,0,0.385965469102146,2708,15,27,2708,470.3375206478752
529,0,0,0.5129406524678531,662,6,41,662,152.80502037017345
566,0,1,0.47756341877436564,1372,12,36,1372,294.84765475129336
888,1,0,0.4879919215737888,6614,36,34,6614,1452.4103561800675
789,1,1,0.9554132881478523,5998,40,27,5998,2578.756006039868
730,1,0,0.6147377955080487,6403,24,33,6403,1771.274747087116
19,0,0,0.1409668700211018,3430,24,31,3430,217.58236387757066
712,0,0,0.013324675272843733,2476,21,46,2476,14.846353189002489
693,1,0,0.3803854675503859,4716,6,44,4716,807.2540392354289
365,0,0,0.02570567653760582,1542,12,36,1542,17.837168949444678
716,0,0,0.026817809285264293,3077,30,40,3077,37.13327962684121
586,0,0,0.29095034018146837,2799,9,36,2799,366.46650097556847
341,0,0,0.5791418902691636,3599,21,26,3599,937.949248385424
630,0,0,0.5780840201224603,3660,24,28,3660,952.1043811416921
16,0,0,0.038108033337172664,2424,24,53,2424,41.56824276418794
14,0,0,0.7907417037714678,1403,15,28,1403,499.23477467611616
615,1,0,0.7725447475381784,12204,48,48,12204,4242.661244530168
815,1,0,0.9216817606419948,7432,36,54,7432,3082.4724802910873
558,0,1,0.7825282694689786,3552,24,27,3552,1250.7931859192154
177,0,0,0.16428961968452221,338,6,52,338,24.988451154015827
243,0,0,0.12389828803362478,1185,12,27,1185,66.06876209393042
976,0,0,0.2764700631682602,753,6,64,753,93.68188090456498
68,0,1,0.6230652871780434,1819,36,37,1819,510.0100908195875
315,1,1,0.9175045153807218,2746,36,31,2746,1133.760329655958
434,0,0,0.5324266726441581,2136,9,25,2136,511.7685177455648
469,1,0,0.12078396798708872,4679,24,35,4679,254.31668379521466
82,0,0,0.35551428909123994,1568,18,24,1568,250.8508823827789
753,1,0,0.34879488686804694,5771,30,25,5771,905.8028814519745
225,1,0,0.6532774639829129,2613,36,27,2613,768.156306024308
991,0,0,0.484543758045034,1569,15,34,1569,342.11212036769626
409,0,1,0.18865051601915744,939,12,28,939,79.71427554389498
279,0,0,0.22259031249655742,1901,24,29,1901,190.41488282518006
929,0,0,0.7320703068436242,1344,12,43,1344,442.7561215790239
645,1,1,0.5812020003996934,7980,36,27,7980,2087.0963834352992
275,0,0,0.05157776432910123,2697,9,32,2697,62.59735367801371
450,1,0,0.13733401315276655,11054,36,30,11054,683.1405816258067
484,0,0,0.0492840167821995,1163,12,44,1163,25.792790182964108
869,0,0,0.8189447385589815,652,12,24,652,240.2783862932052
316,0,0,0.3948787649464934,708,12,38,708,125.80837451195278
80,1,1,0.1520899933507047,5943,24,44,5943,406.7418737174571
539,0,0,0.4945215835167193,3049,18,45,3049,678.5083386641147
249,0,1,0.5868212975066908,433,18,22,433,114.3421298191787
660,0,0,0.5655368475062191,1297,12,23,1297,330.0755810470048
252,0,1,0.9563960449328359,2150,30,24,2150,925.3131734725188
34,0,0,0.6882306953878901,1474,12,33,1474,456.5034202507875
290,0,0,0.03647397041718619,1076,12,26,1076,17.660696476001554
183,0,0,0.026099002259230612,3777,24,50,3777,44.359169189901316
515,0,0,0.10300569371886772,609,6,37,609,28.2287103636557
88,0,0,0.5948468834576739,2249,18,30,2249,602.0147884033389
863,1,0,0.1895125985599614,4526,27,32,4526,385.9803094870734
403,0,0,0.4395319426219724,802,14,27,802,158.62707809226984
143,0,1,0.5356213881694738,2462,18,22,2462,593.41493595296
248,0,0,0.45731663092727837,1925,24,26,1925,396.1505315407549
905,0,0,0.5392604894910012,1107,12,20,1107,268.6326128399423
839,0,0,0.14396731888620745,2611,24,46,2611,169.15440132534945
575,0,0,0.28717540775806705,2788,15,24,2788,360.29026657327097
32,1,0,0.6236331165873531,5866,18,30,5866,1646.204337855636
71,0,0,0.025356380985324983,730,7,46,730,8.329571153679257
861,0,1,0.27746581055916814,2169,18,28,2169,270.8205043962761
708,0,0,0.5444517728613902,1206,9,25,1206,295.4739771318765
222,0,0,0.3171294504663247,707,12,30,707,100.8947346658612
798,0,0,0.33918316820959393,717,24,54,717,109.43744922282549
93,0,0,0.6117787469207688,3617,24,20,3617,995.7616774255894
49,0,0,0.1942300634422193,2073,12,28,2073,181.1875146820743
90,0,0,0.05889506706593496,618,12,56,618,16.378718151036512
690,0,0,0.77781353261268,975,15,25,975,341.26568743381335
995,0,0,0.11740031015116437,1736,12,31,1736,91.7131222900896
922,0,1,0.6666665517778524,1366,9,22,1366,409.79992937784584
892,0,0,0.2785190685725034,2171,12,38,2171,272.0992040419072
266,1,0,0.129221580822671,6304,36,36,6304,366.5757804777531
176,0,0,0.5088928351089319,2577,12,42,2577,590.1375762340729
577,0,0,0.20480871727482408,1927,24,33,1927,177.5998791848637
912,0,0,0.27270590105539316,2991,30,25,2991,367.0485075255064
886,0,0,0.2009335597175581,2825,24,34,2825,255.43678779094577
499,0,0,0.4585929252069752,1323,6,28,1323,273.02329802197266
326,1,0,0.046712354590957815,5801,12,49,5801,121.94026604196584
786,0,0,0.07173528678835021,2675,22,40,2675,86.35135147147658
285,1,0,0.8765973147094157,10722,47,35,10722,4229.49438374146
86,0,0,0.7577953513828015,1295,18,27,1295,441.60524101832755
781,0,0,0.06222936043762176,1940,24,60,1940,54.3262316620438
644,0,0,0.3122183975239724,1880,18,32,1880,264.1367643052807
73,1,0,0.542703552822594,5954,42,41,5954,1454.0656290775762
884,1,1,0.6722203776892645,4057,24,43,4057,1227.2391325284057
925,0,1,0.8734153386907476,697,12,46,697,273.946720980353
530,0,0,0.8838809827368275,2273,36,32,2273,904.077663192364
319,0,0,0.5421386300253647,3643,15,27,3643,888.7549631320816
421,0,0,0.1013149002572912,2028,12,30,2028,92.45997797480395
468,0,0,0.18777384496440716,2764,33,26,2764,233.55310836672965
311,1,0,0.6613370137188255,5511,24,25,5511,1640.0827271720011
174,0,1,0.797603235180682,3414,21,26,3414,1225.3578502080818
27,0,0,0.19159471290739782,409,12,42,409,35.26300691060657
496,1,1,0.9785306978524109,9034,36,29,9034,3978.0208459794057
420,0,0,0.11321995964554955,3186,15,20,3186,162.3234561438244
988,1,0,0.765668971992189,6579,24,29,6579,2266.801275031475
710,0,0,0.1616812110019077,629,18,32,629,45.763866774089976
286,1,0,0.657637478522947,4788,48,26,4788,1416.9457112255416
411,1,0,0.07924001180840838,7253,33,35,7253,258.6275125408737
394,0,0,0.04106361396862928,2406,9,31,2406,44.45957484383492
67,0,0,0.4143159890930101,1007,12,22,1007,187.74729045749754
830,0,0,0.13157432289271243,2375,24,44,2375,140.6200575915864
707,0,1,0.8646536376719083,2969,12,25,2969,1155.220492611553
479,0,0,0.4196512057663235,1478,15,44,1478,279.1100169551818
790,0,1,0.6824944046944844,1188,21,39,1188,364.8615087496714
733,0,0,0.036066975646133946,2603,24,28,2603,42.247051923098994
518,0,0,0.4156200309233571,1203,6,43,1203,224.99590374035935
303,0,0,0.3567773230439898,1038,10,49,1038,166.65068759384764
569,1,1,0.8500688916716413,6758,48,31,6758,2585.1445064626287
214,1,0,0.05110292674324796,3342,36,51,3342,76.85369152917062
66,0,0,0.39960318302127523,2171,12,29,2171,390.3923296526348
984,0,0,0.10625568538051641,2028,24,30,2028,96.96893847825929
704,0,0,0.653286214721701,2528,27,32,2528,743.178397867407
120,0,1,0.6710653371280526,1835,21,25,1835,554.1322021334894
170,0,1,0.963291432174032,950,15,33,950,411.8070872543987
3,1,0,0.47457217918788297,7882,42,45,7882,1683.2600623615022
232,0,0,0.12505455840504376,2141,12,35,2141,120.48381429533941
255,1,0,0.4134947838764832,7418,60,27,7418,1380.2869380580887
121,0,0,0.09307285453053132,3868,24,41,3868,162.0026105958428
381,1,1,0.8046415225008836,12976,18,38,12976,4698.46277818716
408,0,0,0.1912327334043103,3235,24,26,3235,278.38705165332476
374,1,1,0.9752316838210671,14782,60,60,14782,6487.143637609356
511,1,0,0.18359319381793027,4686,36,32,4686,387.14296780386957
889,1,0,0.3158998012894631,7824,28,40,7824,1112.2200203799416
352,0,0,0.010787884902534762,3229,18,38,3229,15.675336157628136
476,1,0,0.07938313012103937,2569,39,24,2569,91.77086757642758
557,1,1,0.5169613011537404,5003,21,29,5003,1163.8608253524735
502,0,0,0.32218114515826646,1126,9,49,1126,163.24918625169363
368,1,1,0.8090622411748024,3446,36,42,3446,1254.612817389766
54,1,1,0.930744424713934,2225,36,57,2225,931.9078552448265
745,0,0,0.6947559710359067,1797,13,28,1797,561.8144159781859
147,0,0,0.08727952063660065,682,12,51,682,26.78608488337274
531,0,1,0.5012366956943194,2631,15,28,2631,593.4391858672894
697,0,0,0.07985987459426917,926,12,38,926,33.27760974343197
200,0,0,0.1499688101335163,936,9,52,936,63.166862828237065
538,1,1,0.9705492007856851,7763,48,42,7763,3390.468050564673
175,1,1,0.4718941425645313,7485,30,53,7485,1589.4574456929827
540,0,1,0.46384266566908583,1534,12,23,1534,320.19059211136994
927,1,1,0.855592230682943,10297,48,39,10297,3964.5149397040186
780,1,1,0.17575846507721274,4933,39,25,4933,390.15742870165076
69,0,0,0.20609041962714478,2394,36,25,2394,222.02120906432305
550,0,0,0.07147018438312329,996,12,23,996,32.032936640515864
899,1,1,0.7272300785638912,4153,18,42,4153,1359.0839323241282
955,0,0,0.48198165204928234,1231,24,57,1231,266.99373615269997
377,0,0,0.037140355107350004,846,7,36,846,14.139333189368147
643,0,0,0.08487719837048431,1851,24,33,1851,70.6984623826949
155,0,1,0.8103911756758498,1282,12,20,1282,467.51466924739776
387,1,0,0.6778709391462473,7374,18,40,7374,2249.379137368993
154,1,0,0.5458853142354819,6967,24,36,6967,1711.4323429253711
895,1,0,0.15414552804793244,8947,36,31,8947,620.6130177501833
843,0,0,0.32755603532456906,1559,24,50,1559,229.79693658195146
111,0,0,0.8847658500376793,392,15,23,392,156.07269594664663
797,0,0,0.3527839714674563,1258,12,22,1258,199.71100624772703
667,1,0,0.3151578728474444,3609,48,27,3609,511.83214339789214
556,0,1,0.8810937294806526,2278,18,28,2278,903.209182090617
238,0,0,0.17305998087212882,1291,12,35,1291,100.53919588766324
732,0,0,0.18250515107337187,760,8,44,760,62.416761667093176
131,1,1,0.9573667948094771,6887,36,29,6887,2967.023302133791
816,0,0,0.19767587153600244,1338,6,62,1338,119.02064225182707
184,0,1,0.6826629082490875,884,18,36,884,271.563304901487
325,0,0,0.02624955920563245,3398,8,39,3398,40.13820098133258
342,0,0,0.426834705580868,3213,18,25,3213,617.138959064098
270,0,0,0.0203041609671466,2662,18,32,2662,24.32235442254491
564,1,0,0.5391529971122767,4712,24,37,4712,1143.2200150768715
498,0,0,0.6136478582185504,1301,18,32,1301,359.2601385940504
617,0,0,0.3960950160219745,3676,6,37,3676,655.2203755035503
879,1,0,0.027264304977622826,6742,30,36,6742,82.7171748716099
593,0,1,0.7153610106805056,2718,24,20,2718,874.9580521633264
637,1,0,0.4937639995474593,15653,60,21,15653,3477.9995482123713
963,0,1,0.22870096846107643,2397,24,35,2397,246.68829963054012
172,0,1,0.6890866791743971,2064,24,34,2064,640.0237076171801
398,0,1,0.7573040982231796,1223,12,46,1223,416.78231045712687
726,0,0,0.1005732499808285,1316,15,47,1316,59.559478638646645
914,0,1,0.7185820519683466,3161,24,31,3161,1022.1470398223746
923,0,0,0.42724244589668464,2002,12,30,2002,384.90271950832323
414,0,1,0.693294564919775,1381,24,35,1381,430.8479073693942
140,0,0,0.04818230771341131,709,6,27,709,15.37256527596388
882,0,0,0.21019672010408044,2181,30,36,2181,206.29757094614973
371,1,0,0.17215984425825032,6070,18,33,6070,470.25461459141076
561,0,1,0.8486267444767807,1546,24,24,1546,590.3896261324963
483,0,0,0.12991255193314574,960,15,30,960,56.122222435118964
666,0,0,0.4865617976328098,3496,30,34,3496,765.4590200359364
123,0,0,0.35601025204906495,781,10,63,781,125.11980308264388
943,0,0,0.05597007135175212,1455,4,42,1455,36.6464042175597
584,0,0,0.13914834522064387,2133,12,52,2133,133.56153916003504
44,1,1,0.8413825643146094,6143,48,58,6143,2325.875891663091
103,0,0,0.2034162140647401,1919,9,35,1919,175.66007165560632
163,1,0,0.9132176090298284,7308,10,70,7308,3003.207429055494
910,1,0,0.5738078580274633,4454,36,34,4454,1150.0830898444447
7,1,0,0.5756972148241692,6948,36,35,6948,1799.9749118692475
104,0,0,0.02330014538700777,2445,12,26,2445,25.6359849620553
771,1,1,0.9675400123115919,8065,36,25,8065,3511.444589681845
76,1,1,0.7362822866266878,3965,42,34,3965,1313.711669913668
256,0,0,0.09841718961858026,2684,24,35,2684,118.86828162132124
364,0,1,0.6535552258275359,2473,18,25,2473,727.3089330621733
223,0,0,0.08810334160742408,2978,24,32,2978,118.06728808810901
127,0,1,0.5794192111361431,639,12,30,639,166.61199416219796
405,0,1,0.565660186205359,2039,24,22,2039,519.0215038527272
302,0,1,0.48679012873865085,1344,24,37,1344,294.41066986113606
471,0,1,0.8485136982406699,448,6,23,448,171.06036156531906
687,1,0,0.698427623398215,2862,36,30,2862,899.5049361745611
805,1,1,0.8433730930719412,9271,36,24,9271,3518.510375641485
274,1,1,0.9701695084925929,11998,30,34,11998,5238.042193302358
559,0,1,0.3881088735426857,1928,18,31,1928,336.7232586856341
975,0,0,0.6722012177361922,1258,24,57,1258,380.5331093604584
309,0,0,0.6329213996237719,276,9,22,276,78.60883783327247
505,0,1,0.0936535369111057,1309,10,27,1309,55.166615917486816
106,1,1,0.8023411151209907,6458,18,39,6458,2331.683514653111
57,1,0,0.49934439229884175,9566,36,31,9566,2149.527805528824
811,0,0,0.29370066021125396,484,6,28,484,63.96800379401111
91,0,0,0.11083880517414227,1409,12,54,1409,70.2773444206649
555,0,1,0.6149268439669618,1331,12,22,1331,368.3104331940118
827,1,1,0.5092064900916997,4165,18,36,4165,954.3802640543681
456,0,0,0.3578970293626809,3905,11,36,3905,628.914554847571
622,1,1,0.4236184319821098,3914,48,38,3914,746.11914425009
766,0,1,0.817861974658747,3108,30,31,3108,1143.8617577577236
755,0,1,0.9025897793897542,1285,24,32,1285,521.9225399321253
640,0,1,0.8961358782549668,750,18,27,750,302.4458589110513
160,0,0,0.028883989959947048,2872,24,36,2872,37.329668624235566
475,0,1,0.8284130604441454,3114,18,26,3114,1160.855221600381
560,0,0,0.4146205766198221,2964,24,49,2964,553.0209250955188
55,0,0,0.08325804304958415,783,6,26,783,29.335971468520974
878,0,1,0.5342618608671882,1422,9,27,1422,341.8741647689138
60,0,0,0.3909104242091591,1391,9,27,1391,244.69038003372316
812,1,1,0.6358756710898767,9629,36,24,9629,2755.281076615991
281,0,0,0.12182762765272385,1574,12,50,1574,86.2905086664243
480,0,0,0.12226143094900523,3573,12,23,3573,196.57804175135806
935,0,1,0.7965945666919456,1919,30,30,1919,687.8992380668298
619,0,0,0.39337451826638486,640,12,49,640,113.29186126071883
181,1,1,0.8028612670334302,4455,36,30,4455,1609.5361250852693
427,0,0,0.04207069447819137,1149,18,46,1149,21.752652579948847
449,0,1,0.4942522985753306,1512,15,61,1512,336.2892639506549
209,0,0,0.002590140973778861,1413,12,55,1413,1.646941138177289
760,1,0,0.08209335919988907,5045,15,59,5045,186.37244872354816
207,0,0,0.09803390099345097,1424,12,26,1424,62.82012375660338
748,1,0,0.043319721555182406,5248,21,26,5248,102.30385442471876
585,0,1,0.8857639466646772,2039,18,20,2039,812.7327092621746
321,0,1,0.8916851247509514,1938,24,32,1938,777.6385972953047
186,1,1,0.793952727999047,5129,9,74,5129,1832.4825938582005
824,0,0,0.29209732303655883,3780,18,35,3780,496.8575464851866
676,1,0,0.27863316116120074,5150,24,33,5150,645.7323509910826
327,0,0,0.18637973179215025,1525,24,34,1525,127.90309094236311
452,0,0,0.17498015582086188,2759,12,34,2759,217.24661245939106
25,0,0,0.3333669574248966,1374,6,36,1374,206.12078977581356
224,1,0,0.13266026516928767,4657,15,30,4657,278.0094847020177
835,0,1,0.9226442834791023,1082,12,48,1082,449.2355016259749
825,0,0,0.6499783967491215,1602,21,30,1602,468.5694262164417
156,0,0,0.10920410457810903,1288,9,48,1288,63.29469901347199
634,0,1,0.897149869001178,1355,24,25,1355,547.0371326234683
145,1,0,0.5062873392312637,3566,48,30,3566,812.4392932644089
633,0,1,0.573353922077963,1980,9,19,1980,510.85834457146507
295,1,1,0.7901844834216832,9960,48,26,9960,3541.606854695984
470,0,1,0.627040641741417,3092,24,22,3092,872.4643489190078
299,0,0,0.057863385166294606,2745,21,32,2745,71.47574652666542
611,0,1,0.5425905038576273,1240,10,48,1240,302.76550115255606
897,0,0,0.00559630862581037,1592,12,35,1592,4.0091954995305485
42,1,0,0.599896670483849,6204,18,44,6204,1674.7915246568095
636,0,0,0.1893309995616341,1376,24,28,1376,117.23375492856384
903,0,0,0.07264694844996318,1386,15,40,1386,45.30990174824204
642,1,1,0.28597454034537617,4623,15,40,4623,594.9271350075034
205,1,0,0.576954688684648,10623,30,38,10623,2758.0453460536573
363,0,0,0.24125281094531867,1766,6,21,1766,191.72360885824475
312,0,0,0.6174514841467569,3749,24,26,3749,1041.671526329786
695,0,0,0.05483177453782215,1236,6,50,1236,30.49743299793668
366,0,0,0.029908982002857038,3850,18,27,3850,51.817311319949816
149,0,0,0.029992796076248888,1582,18,46,1582,21.351871526681585
250,0,0,0.06466782307254014,666,6,39,666,19.38094657484028
565,0,0,0.5083940640663411,1553,24,23,1553,355.2911916727625
340,1,0,0.8626707068185298,5743,24,24,5743,2229.4430411664675
137,0,1,0.31787504731107674,766,12,66,766,109.57152880812816
204,0,0,0.10096679813079114,1495,12,38,1495,67.92541344248974
703,0,0,0.3997120861911465,2503,30,41,2503,450.2157082813979
911,1,1,0.8668285597881019,4736,24,25,4736,1847.3850266204029
757,0,1,0.09966895778543274,1271,15,39,1271,57.00566040537825
616,1,0,0.6170818318700861,9157,60,27,9157,2542.7782504954707
280,0,0,0.03384037591781669,3368,15,23,3368,51.28847374104298
333,1,1,0.5673381315155054,11590,48,24,11590,2958.9520249191182
162,0,0,0.09581076511491884,1262,15,36,1262,54.41093350876241
627,0,1,0.3755283154814435,1437,9,29,1437,242.83538520607547
688,0,0,0.06586081747682813,2753,9,35,2753,81.59167373116854
461,0,0,0.5571241395769833,1721,15,36,1721,431.4647898953947
361,0,0,0.04303352900194832,3399,12,37,3399,65.82193428493005
360,0,0,0.7684017984820988,1239,18,61,1239,428.42242274369414
535,0,1,0.8801930144579622,2319,21,33,2319,918.5254202376065
344,0,0,0.2554133760949259,3949,10,37,3949,453.8823399894881
547,0,0,0.42691631241663347,1552,24,32,1552,298.1583525917768
400,0,0,0.13848005871691127,1473,18,39,1473,91.79150692050464
185,0,0,0.18404834131556563,1360,15,31,1360,112.63758488512617
885,0,1,0.8884146141637271,795,12,53,795,317.8303282170734
672,1,0,0.514104353443785,10366,60,42,10366,2398.142577509224
949,0,1,0.1289313526305754,3621,24,31,3621,210.0871925438911
406,0,0,0.017840939851194296,2197,24,43,2197,17.638445183883242
596,0,1,0.8952268672761438,1442,24,23,1442,580.9127141754897
981,1,1,0.7594363868972915,4844,48,33,4844,1655.4194361587163
880,1,0,0.10192665503181929,7814,24,38,7814,358.4046970883862
324,0,0,0.27245289819836965,1028,18,36,1028,126.03671070656581
718,0,0,0.0755139764640824,3148,24,31,3148,106.97309905901913
153,1,0,0.3898359339168742,7758,24,29,7758,1360.9562288971997
819,0,1,0.8900930937377568,1345,18,26,1345,538.7288449847773
595,0,1,0.6900650476138043,931,6,32,931,289.10275169780334
384,1,0,0.21422867671439605,4272,30,26,4272,411.8332081157549
459,1,0,0.3199361685227608,4594,18,32,4594,661.4040411871034
744,1,0,0.5688847415885204,14179,39,30,14179,3629.7975379426343
56,1,1,0.4196550201849089,6468,12,52,6468,1221.447901750196
481,0,0,0.866508350744713,1201,24,26,1201,468.3044381599802
335,0,1,0.28336776660425816,3384,6,44,3384,431.51243498496433
102,0,0,0.18191297492291655,932,6,24,932,76.2943016826712
855,0,0,0.3923542656859215,1474,24,33,1474,260.24858442947175
486,0,0,0.04503608729373164,3077,12,52,3077,62.35921827126551
119,0,0,0.07904313397495759,2366,12,36,2366,84.15722474313735
87,1,1,0.8281422752589556,12612,36,47,12612,4700.038669004677
961,0,0,0.5451866696869904,2353,21,47,2353,577.2709051980698
48,1,0,0.12620476086249047,7228,11,39,7228,410.49360518133653
260,0,0,0.3649893044470643,1657,12,27,1657,272.1542748609535
829,1,0,0.5926100430697011,6681,48,38,6681,1781.6524639869028
702,0,0,0.4546459612878679,1377,24,47,1377,281.72136991202734
685,1,0,0.6999838095651891,6527,60,34,6527,2055.9574462643955
29,1,1,0.9531782818711003,6836,60,63,6836,2932.167030691879
197,0,1,0.9294457920001847,951,12,27,951,397.7563266864791
613,0,0,0.39687851420363907,3632,24,22,3632,648.6582436144276
638,0,0,0.32232219853232547,1493,12,34,1493,216.55216908394286
146,0,0,0.44075901734398404,860,6,39,860,170.57373971212184
245,0,0,0.2784179645591972,1258,24,25,1258,157.61240973696155
307,0,1,0.7222542490577025,727,12,33,727,236.2854775792274
116,1,1,0.5542872753918455,7174,42,30,7174,1789.405611147495
891,0,0,0.06515834259824953,1829,15,46,1829,53.62857387548927
415,1,0,0.13999143908389566,5842,36,35,5842,368.02349420765336
169,0,1,0.5448378360345464,1935,24,31,1935,474.4175457270813
264,0,0,0.055461692304090635,1231,10,32,1231,30.723004451851008
15,0,1,0.8382293173101574,1282,24,32,1282,483.5744931562298
965,0,0,0.4424705134115011,1715,30,26,1715,341.47661872532603
215,0,0,0.035712073312868214,932,6,39,932,14.977643547416932
632,0,0,0.3427412799659751,1444,15,23,1444,222.7132837218906
45,0,0,0.20417315826408178,1393,11,35,1393,127.98594425783966
758,0,0,0.14585644583908358,1393,24,31,1393,91.43011307422955
98,0,0,0.1941197337502324,2337,36,36,2337,204.14601799843192
960,0,0,0.08319255013258213,1740,6,30,1740,65.13976675381181
385,0,0,0.1898875703598662,2238,18,25,2238,191.23577210942125
356,0,0,0.004323970909358345,2331,12,49,2331,4.535629285371435
582,0,0,0.261181206375472,1388,9,26,1388,163.1337815021198
63,1,1,0.883606584521556,14421,48,25,14421,5734.120749923412
247,0,0,0.6464861074881935,1204,6,35,1204,350.2661730371032
776,1,0,0.10823524342272924,3535,36,37,3535,172.17521347470654
689,0,0,0.19735244721086886,3651,12,31,3651,324.24020314509704
354,0,0,0.20914261025977898,727,10,46,727,68.42100494648669
40,0,0,0.2583403312456491,2333,30,30,2333,271.2185967582447
872,0,0,0.2101849479184631,1382,24,26,1382,130.7140191104922
126,0,0,0.46398236280630417,701,12,40,701,146.36323634724866
328,1,0,0.7552352495752445,4473,36,31,4473,1520.1752721075309
543,0,1,0.40343169963699665,2864,18,34,2864,519.9427744921613
773,0,0,0.2823100457258016,2223,24,52,2223,282.4088542418056
526,0,0,0.2877949746746199,1532,15,31,1532,198.40585554068295
820,0,0,0.26604999228378934,1101,12,27,1101,131.81446867700345
265,0,1,0.5502228130797874,802,15,37,802,198.57541324049527
533,0,0,0.2201810046260479,1311,24,26,1311,129.89578367913697
113,1,1,0.7435099174267287,7855,36,25,7855,2628.121680624129
437,0,0,0.10815651253915451,1287,24,37,1287,62.63884423705133
581,0,0,0.37533224351588057,3124,12,49,3124,527.6420679346248
918,0,1,0.7113273035950859,2359,24,33,2359,755.1094991313633
168,0,0,0.25666230040267674,3972,24,25,3972,458.7581957397444
401,0,0,0.3810289073333347,1887,18,28,1887,323.5506966621012
339,0,0,0.6680202394063233,1521,10,31,1521,457.226452861658
706,1,1,0.7524403483803812,6560,48,24,6560,2221.2039084188855
358,0,0,0.1841223612323493,776,12,28,776,64.29552854233637
909,0,0,0.15951109908602315,3195,9,33,3195,229.33708271092976
823,0,0,0.3467670775823448,731,8,47,731,114.06903017071234
173,0,0,0.055782629324104493,1414,8,33,1414,35.49448703892769
345,0,0,0.10785348518241356,1459,15,43,1459,70.81120569651362
20,0,0,0.09493795124406995,2134,9,48,2134,91.16891457968038
323,0,0,0.32810518476970557,2659,18,28,2659,392.5942588361912
10,0,1,0.8871587786823205,1295,12,25,1295,516.9917782771223
621,0,1,0.34860218184674296,1530,18,32,1530,240.01260220148254
191,1,1,0.7495561090801915,3844,48,34,3844,1296.5821574869153
842,0,1,0.585846089336254,1943,18,23,1943,512.2345282111537
769,0,0,0.029509730289210088,1655,12,63,1655,21.977371632889213
926,0,0,0.8722276314093643,1049,18,21,1049,411.7350534067904
202,1,0,0.23570451719461413,5117,27,26,5117,542.7450065181782
201,0,0,0.7473036349122228,1168,12,27,1168,392.7827905098643
763,1,1,0.4619536292198084,12680,21,30,12680,2635.9074083282267
426,0,0,0.10200574383313657,2743,28,29,2743,125.91078990043214
737,1,0,0.7767141207800404,4380,18,35,4380,1530.9035320574599
674,0,1,0.32249250406173335,2580,21,41,2580,374.41379721567245
979,0,1,0.8523042833076788,1264,15,25,1264,484.7906763454077
59,1,1,0.9846393919582266,6229,36,23,6229,2759.993447628507
521,0,1,0.5195914911049039,3190,18,24,3190,745.8735854810895
332,1,1,0.970964437187154,7408,60,24,7408,3236.8070478070963
31,1,0,0.7941912416767032,4020,24,27,4020,1436.691956193156
17,1,0,0.9438094541118229,8072,30,25,8072,3428.2934611157857
428,0,0,0.18765700041175473,1313,9,20,1313,110.87713869328527
157,0,0,0.7663911430448329,339,12,45,339,116.91296887148927
237,0,1,0.9227975291110448,2767,21,61,2767,1149.0213433726176
396,0,0,0.6130308856208696,2578,12,55,2578,711.1771304087708
118,1,1,0.5905772736133499,4281,33,23,4281,1137.717588752438
18,1,1,0.858046330217802,12579,24,44,12579,4857.014154514379
876,0,0,0.8347534946973858,1940,18,36,1940,728.7398008708178
631,0,1,0.853981321723919,1553,18,44,1553,596.8048466867608
711,0,1,0.9203849451776985,1198,6,35,1198,496.1795239452973
81,0,0,0.1702026975460675,1213,15,47,1213,92.90514245552096
968,1,0,0.12382735913051367,7166,42,29,7166,399.3060849881674
453,0,0,0.07582681880656439,2670,24,35,2670,91.10592279608713
348,0,0,0.0568799051543417,1743,6,34,1743,44.613753607807915
84,0,0,0.3808275549629624,2315,10,52,2315,396.7271053826661
100,0,0,0.40922949777382683,1469,24,41,1469,270.5211595033882
821,0,0,0.33334566131110127,3016,12,24,3016,452.41673153142665
136,1,0,0.07511409399104413,8613,27,27,8613,291.1309611951884
8,0,0,0.028725419667444872,3059,12,61,3059,39.54197644322124
161,0,0,0.5249207733621694,1055,18,30,1055,249.20613715368992
807,0,0,0.052099964305771275,930,12,65,930,21.80383506196528
939,1,0,0.026700759333420157,6842,24,46,6842,82.20896791166732
624,0,1,0.6465773570475053,2600,18,65,2600,756.4955077455812
946,0,1,0.7947682114300498,3349,24,30,3349,1197.7554330356568
723,0,0,0.4003579164997954,790,9,66,790,142.32723931567728
894,0,0,0.05520742464571714,1169,18,29,1169,29.0418657348795
686,0,0,0.04700058596791247,1347,10,27,1347,28.489405184450142
959,0,0,0.5661130918001431,3069,24,30,3069,781.8304854305876
380,0,0,0.2464689940109806,2212,20,39,2212,245.33523663853012
369,0,0,0.33486302999981316,3001,18,40,3001,452.2157788632477
210,0,0,0.011455142311346474,3074,9,33,3074,15.845898359285579
482,0,0,0.6221426046798992,3622,30,57,3622,1014.0302313677677
648,0,1,0.8696404695245461,947,24,38,947,370.5972860878853
762,0,0,0.5296470434407186,2214,12,24,2214,527.687349379988
989,0,0,0.34223111454977856,1743,24,48,1743,268.4289746971188
139,0,0,0.2865611533732682,1881,12,44,1881,242.55968827280287
246,0,0,0.08117995304379139,717,12,52,717,26.192711849579293
472,0,1,0.6360631678293781,654,9,28,654,187.19339029218597
945,1,0,0.9193493536291828,8358,48,30,8358,3457.764853934719
203,0,1,0.6262964730682558,902,12,21,902,254.21373841840503
262,1,0,0.514567270221392,5302,18,36,5302,1227.7060500212192
439,0,1,0.47751335146477647,609,12,26,609,130.862533968922
954,0,0,0.5157909146378116,1893,12,29,1893,439.3764906342198
164,0,0,0.4351783718423545,909,36,36,909,178.00971300211512
351,0,1,0.20160228399651253,959,9,29,959,87.00146565869498
294,1,0,0.704316022845755,7629,48,46,7629,2417.9521222306194
628,1,0,0.09512162623385158,4042,42,36,4042,173.01672595675265
376,0,0,0.1531858985242645,2320,18,34,2320,159.92607805933213
101,0,0,0.5861011571412006,2323,36,24,2323,612.6808446175542
841,0,0,0.09693551620320526,2993,21,28,2993,130.557599998287
292,1,0,0.4546144047354068,6419,24,44,6419,1313.1764387984595
692,0,0,0.3738556397735598,2896,24,29,2896,487.2086697529031
438,1,0,0.7455027858551267,3394,42,65,3394,1138.6064048365351
393,0,0,0.14668485051950636,1957,6,31,1957,129.1780136100033
536,0,0,0.4611960928520017,1374,6,75,1374,285.15754421039264
258,0,0,0.06691743960025245,3812,15,23,3812,114.79017589027306
669,0,0,0.16902756412780462,3017,30,47,3017,229.48027243811393
391,0,0,0.3987433138988031,983,12,19,983,176.38410490313555
313,0,1,0.7278334147080209,685,12,25,685,224.35465008374743
721,0,1,0.9042028276768618,433,6,24,433,176.18392097283652
649,0,1,0.8494872619065057,684,12,40,684,261.47217921482246
756,0,0,0.11530164884176704,1299,6,74,1299,67.39957883045493
508,0,0,0.3182931601282044,1413,24,28,1413,202.3867058675188
765,0,0,0.5350301030433191,1155,12,40,1155,278.0818960567651
629,0,0,0.07631776949085103,3832,9,64,3832,131.60236171002353
846,1,1,0.4536710494946574,6761,18,68,6761,1380.2714845350206
916,0,0,0.03253388459509049,2848,10,32,2848,41.69542649706797
680,0,0,0.5575908829781617,1538,6,56,1538,385.9086501091857
814,1,1,0.7933288018842419,3931,48,46,3931,1403.3589840931297
705,1,0,0.3925684013196114,5324,15,35,5324,940.5153758815251
460,1,0,0.4869212803736772,3620,36,37,3620,793.1947657287202
924,1,1,0.9778527914092325,6872,24,55,6872,3023.9119721539105
549,1,0,0.03882489951790233,8858,48,35,8858,154.75993196831047
787,1,0,0.02330062941847812,2751,48,38,2751,28.84501418860499
592,0,0,0.1889686558976818,1572,21,36,1572,133.67642718202012
231,0,0,0.08878997185201057,2507,9,51,2507,100.16840674484574
578,1,1,0.8277282273415844,2820,36,27,2820,1050.3871204964705
418,0,0,0.23034999987721674,2782,21,31,2782,288.37516484628765
867,0,0,0.03859693488094266,3331,12,42,3331,57.854875539789
357,1,1,0.3972265105164338,4463,36,26,4463,797.7698623956799
612,0,0,0.724949304634143,3357,21,29,3357,1095.1446670455682
731,0,1,0.7522496871165372,1987,24,21,1987,672.6240577352517
218,0,0,0.8582251841081784,3021,24,24,3021,1166.7142265358632
573,0,0,0.8015887036695332,806,15,22,806,290.73622282093964
226,1,1,0.6583775321367589,10961,48,27,10961,3247.414258387956
849,0,1,0.5538444320888483,709,12,57,709,176.70406605794705
466,0,1,0.8460311140163789,1659,24,29,1659,631.6045281689277
866,0,0,0.7585440456971145,2389,18,27,2389,815.472776326683
775,0,1,0.7739901727397415,1371,24,25,1371,477.5132370717835
734,0,0,0.07884602245065082,3380,4,37,3380,119.9248001474399
269,0,0,0.28546116525027143,999,24,25,999,128.32906683825954
614,0,1,0.29632231065785547,1808,18,22,1808,241.0878319512312
509,1,0,0.17536431026629581,8588,39,45,8588,677.7129134551268
343,1,0,0.655917814922468,4439,18,33,4439,1310.2286311983762
478,0,0,0.14476298170626795,1037,12,39,1037,67.55364541322994
24,0,0,0.011658154047454983,2069,10,26,2069,10.854324325882962
74,0,1,0.7963338814720625,1977,36,40,1977,708.4584376516204
574,0,0,0.45459168514614756,1082,9,27,1082,221.34069149765926
898,0,0,0.2120295685489824,2186,15,33,2186,208.57348658163397
75,0,0,0.20532916151972982,1526,12,66,1526,140.99953521559848
443,0,1,0.637390402972899,719,12,41,719,206.22766488188148
442,0,0,0.37608246193243444,2629,20,29,2629,444.92435658916656
902,1,0,0.07195586459267958,10477,36,42,10477,339.2467170018768
230,1,1,0.7246207608100835,4210,36,26,4210,1372.7940313547033
402,1,1,0.684524978777419,8648,24,27,8648,2663.897407410204
349,0,1,0.4229977781608805,1136,9,32,1136,216.2364641958421
764,0,0,0.08247945194896542,2463,24,27,2463,91.41610056763582
826,0,1,0.7178647165514702,3966,18,33,3966,1281.173159629409
109,0,0,0.21528347127862674,1410,14,35,1410,136.59736252628866
110,0,0,0.6886398847699512,1449,6,31,1449,449.02763686424663
501,1,0,0.670253612446941,5493,36,42,5493,1656.7663919269714
971,1,0,0.39094649178434593,7393,24,43,7393,1300.6203361927512
743,0,0,0.5994438961017449,2483,24,22,2483,669.7886373092847
150,0,0,0.21328497923908027,1346,6,42,1346,129.18671192511093
958,1,1,0.7736424826475278,4006,28,45,4006,1394.6453034686983
604,0,0,0.7454944886398774,1275,10,23,1275,427.7274628571297
728,1,1,0.9770198570115547,6416,48,59,6416,2820.851731163761
588,0,1,0.6821518128580262,1217,18,47,1217,373.58044031169806
964,0,0,0.664742758508492,454,6,22,454,135.8069455632849
978,0,1,0.3693200667786221,2538,24,47,2538,421.8004482678643
179,0,0,0.696742211117102,571,21,65,571,179.02791114653937
314,0,0,0.06965039389458536,1494,4,29,1494,46.82595981532974
713,0,0,0.36461451545533935,1138,9,25,1138,186.71909336467928
618,0,1,0.747975554373808,3441,30,21,3441,1158.202747170123
94,0,0,0.23769457235970937,1318,12,54,1318,140.97665086654362
983,1,1,0.7277764381022058,8229,36,26,8229,2694.9925391143734
53,0,0,0.01695702603248612,3378,18,31,3378,25.776375271982154
491,1,1,0.7938363779885474,8318,27,42,8318,2971.408946448932
440,0,0,0.11341060764794272,1884,12,39,1884,96.14951316392585
956,0,0,0.13259228404895534,3656,30,49,3656,218.14082571734133
180,1,1,0.7347094558221434,9572,36,28,9572,3164.6875100083007
982,0,0,0.5271542825921371,2923,21,28,2923,693.3923856075676
495,0,1,0.4494740022173255,2996,24,20,2996,605.9808497893982
444,1,1,0.5229594413527338,5096,48,30,5096,1199.250590910089
95,1,1,0.9892572973800673,15945,54,58,15945,7098.168423026328
507,1,1,0.7016886051007827,6850,15,34,6850,2162.9551252231627
659,1,0,0.5108009176253557,6361,18,41,6361,1462.1420866566996
382,0,0,0.45749567952098985,1283,22,25,1283,264.1351305714435
253,1,0,0.29123601163257296,4151,24,35,4151,544.0143079290647
833,1,0,0.283041445788577,5084,24,42,5084,647.5422196751064
92,0,1,0.15714308552126163,797,12,33,797,56.35936762220049
254,0,0,0.1034936926111567,2030,9,24,2030,94.54148820029165
883,0,0,0.3003611404168188,1098,18,65,1098,148.40843947995015
973,1,1,0.9830506098745933,7297,60,36,7297,3227.994135114708
908,0,0,0.08176252617620255,3594,15,46,3594,132.23453358477238
554,0,0,0.6799907207632705,1199,9,67,1199,366.8889933878226
334,1,1,0.9931070190311698,4110,24,23,4110,1836.7514316981485
605,0,0,0.6214515755128089,2828,24,22,2828,790.8592749976007
937,0,0,0.5735644561421497,2063,6,30,2063,532.4685628595647
572,1,0,0.1210620993096143,5433,24,26,5433,295.97867349711055
519,0,0,0.021996257810121756,700,6,36,700,6.928821210188353
520,1,0,0.36432528746765735,5507,24,44,5507,902.8527111379751
641,0,0,0.7334567573854439,1308,15,38,1308,431.7126473970723
873,0,0,0.2966750174592878,874,15,24,874,116.68228436673792
871,0,0,0.07318898152100337,1343,6,46,1343,44.23176098221838
527,0,0,0.025240729530792025,1503,4,42,1503,17.071567418151187
454,1,1,0.7134459925122024,4817,24,31,4817,1546.5012056690755
416,0,1,0.6704504852169695,2579,12,33,2579,778.091310618554
859,0,0,0.027315334542103532,3577,9,26,3577,43.96812824569695
448,0,0,0.1195591939495132,1424,12,55,1424,76.61353148284806
284,0,0,0.5747598030615961,3878,24,37,3878,1003.0133323227914
810,0,0,0.41097201567311964,907,8,26,907,167.73822819698378
740,0,0,0.6928505887676761,2325,24,32,2325,724.8949284981811
310,1,0,0.4859829003134571,5381,48,40,5381,1176.7832939640207
429,0,1,0.8587935172431991,1190,18,55,1190,459.8839284837331
589,0,1,0.39303545448441113,2246,12,60,2246,397.24093384739433
39,0,0,0.3106028521369295,458,9,24,458,64.01524782542118
738,1,0,0.3163246921202798,6761,6,45,6761,962.4020595413454
445,0,0,0.19819512821570148,1244,9,41,1244,110.94963277514968
268,1,1,0.5756279530069067,8978,14,45,8978,2325.594492943204
851,1,0,0.011277585450831053,4042,24,43,4042,20.512800176516603
23,0,0,0.05591602832282643,1804,12,44,1804,45.3926317924705
778,1,0,0.041426184975028285,5711,36,38,5711,106.46322407657395
240,0,1,0.9172371898406723,915,24,29,915,377.6724129168968
300,0,0,0.11596991036805138,672,6,54,672,35.06930089529874
500,0,1,0.8669871196014509,3123,24,27,3123,1218.420348531899
795,0,0,0.3351034357179616,2301,9,22,2301,346.9828525141633
425,0,0,0.2387635562591463,2779,18,21,2779,298.58576527987543
227,1,1,0.8719876944630099,7865,12,53,7865,3086.1824476282077
651,0,1,0.3505506638159013,1922,12,37,1922,303.19126913437304
774,0,0,0.39864787244407984,1480,12,66,1480,265.4994830477572
4,1,1,0.9205510338475769,4870,24,53,4870,2017.3875906769647
61,0,0,0.041214395616975597,1537,15,50,1537,28.50593672848117
188,0,1,0.43258289004093753,674,12,20,674,131.20239054941635
516,0,0,0.17874318764255165,1361,6,40,1361,109.47126527168076
41,0,0,0.46849495122881535,1158,12,26,1158,244.1327190853357
97,0,0,0.35790443244713727,2622,18,34,2622,422.2914398443773
714,1,1,0.9710686622248398,14027,60,27,14027,6129.531056262523
919,0,1,0.6197820829388967,3345,24,39,3345,932.9269803437743
990,0,0,0.06432963629131752,3565,12,37,3565,103.20081902034613
700,0,1,0.3904762707597044,1123,12,29,1123,197.32718342841665
865,0,0,0.3653587601249716,2221,15,20,2221,365.1578128069029
868,1,0,0.2650356123532696,7409,36,37,7409,883.6419833664186
65,1,0,0.3780185846145694,5190,27,48,5190,882.8624043673268
441,0,0,0.6289281057225259,1620,12,30,1620,458.4885890717214
838,0,0,0.22035586779838137,2957,24,63,2957,293.21653548591615
822,0,1,0.8270523924653937,2712,36,41,2712,1009.3347397647665
901,0,0,0.07327144176891184,3485,20,44,3485,114.907938554096
117,0,0,0.16045917713422356,2132,10,27,2132,153.9445345425741
934,0,0,0.8018957457536999,1498,12,23,1498,540.5579222125691
900,0,1,0.37025802806588376,2625,16,43,2625,437.36729565282525
488,0,0,0.05248809692713901,1418,10,35,1418,33.4926546492074
124,0,1,0.6344037453900735,1924,18,27,1924,549.2667627587257
920,0,0,0.43413209825867866,1817,18,28,1817,354.96811014120857
362,0,0,0.4106120421988608,2247,12,36,2247,415.19036646937815
386,0,0,0.3282919465227203,1126,18,21,1126,166.3455293030624
492,0,0,0.06142512881289985,1237,6,27,1237,34.1922979537007
545,0,1,0.8593543972684464,1333,24,43,1333,515.4837352014777
298,0,0,0.07490412815632189,2515,18,43,2515,84.7727470409173
417,1,0,0.8677733577480048,8471,18,23,8471,3307.9086510675065
749,0,0,0.035477372996501416,3029,15,33,3029,48.35743326288126
30,0,0,0.367231620202881,1913,18,36,1913,316.13134025165016
128,0,0,0.11170025982624533,1860,12,34,1860,93.49311747456734
289,0,1,0.8475534197118058,1024,24,48,1024,390.5526158032001
216,0,0,0.6923716751768682,3104,18,31,3104,967.1047558870495
966,0,1,0.2094558415288508,2520,27,23,2520,237.5229242937168
346,0,0,0.3451629465444183,882,13,23,882,136.99517348347962
537,0,0,0.21042646417952326,3612,18,37,3612,342.02717487739716
47,0,0,0.31208671818740796,1352,6,23,1352,189.87355934521904
112,1,0,0.7541023748554261,6260,18,28,6260,2124.3063899677354
875,0,0,0.21714657720241193,1322,11,40,1322,129.18049877771486
46,0,0,0.24315764002995807,2299,36,39,2299,251.55873649299312
668,1,1,0.634271669774066,4843,12,43,4843,1382.2999635221108
234,0,0,0.030773804283999034,1544,4,42,1544,21.38163921652253
724,0,1,0.42110902633127184,2570,27,21,2570,487.0125889521159
761,0,1,0.772370727941264,2124,18,24,2124,738.2319417662602
430,0,0,0.07220015929240527,3448,5,74,3448,112.025767158096
187,0,0,0.3896298555645658,1175,16,68,1175,206.0167861297642
259,0,0,0.1600818250225629,1154,11,57,1154,83.13049173421693
571,1,0,0.14125067755074044,5954,30,38,5954,378.45294036169884
681,0,0,0.03619094558074639,2279,12,37,2279,37.11562424033446
514,0,0,0.34757569862690724,2255,24,54,2255,352.7024401816541
877,1,0,0.32467086060559114,3595,36,28,3595,525.2362847446951
412,0,1,0.08423409150286855,2292,12,42,2292,86.87904197605862
570,0,1,0.8605221217515365,3234,24,23,3234,1252.317843785011
801,0,0,0.43785840000738446,1795,18,48,1795,353.6801226059648
779,0,0,0.6708897557567649,3872,18,67,3872,1168.958310430587
159,0,0,0.018304186346208177,1898,6,34,1898,15.633605558296404
562,0,0,0.6060527270653434,683,6,29,683,186.2703056635333
683,1,0,0.329354320585369,5103,24,47,5103,756.3127940762122
85,0,0,0.03657612528324679,1412,12,29,1412,23.24047000497501
551,0,0,0.17105928413974716,1750,6,45,1750,134.7091862600509
329,0,0,0.4885778453589502,1068,6,28,1068,234.8105124795115
122,0,0,0.24026048256891055,1768,12,24,1768,191.15123993182524
887,1,1,0.7975781727951698,15672,48,23,15672,5624.840305820657
671,1,0,0.21626810915152864,5742,36,31,5742,558.8151672366348
678,0,0,0.8373089338268895,2384,24,64,2384,898.2650242094871
338,1,0,0.8191636648098305,4169,24,28,4169,1536.7919933664825
11,1,1,0.9439577657745464,4308,48,24,4308,1829.9565247305356
21,0,0,0.2535078814402124,2647,6,44,2647,301.96591297750905
818,1,0,0.956704372959367,15857,36,43,15857,6826.7075589075075
858,0,1,0.6746937815751323,3959,15,29,3959,1202.0007065651769
273,1,1,0.39410090433089606,3060,48,28,3060,542.6769452636439
317,1,0,0.2837297769437747,4351,24,48,4351,555.5287167670638
373,1,0,0.5598974383760905,13756,60,63,13756,3465.8771230356756
729,0,0,0.17303887955665767,1275,24,36,1275,99.28105714563235
933,0,0,0.03391203595069357,522,12,42,522,7.96593724481792
831,0,1,0.9504672332310089,1216,18,23,1216,520.0956700240081
739,1,1,0.9134324192545482,4280,30,26,4280,1759.2708394842598
277,0,0,0.42385581207881257,1262,12,49,1262,240.70771567955765
435,0,1,0.10714985640882926,1484,12,25,1484,71.55467410981618
6,0,0,0.1595166040376064,2835,24,53,2835,203.50330760097637
276,0,0,0.07471377836393019,2404,18,26,2404,80.82536543409968
330,1,0,0.5054377388107555,6615,24,75,6615,1504.5617890049164
1,1,1,0.7411665765733247,5951,48,22,5951,1984.807033734535
166,0,1,0.9108069404730916,1131,18,33,1131,463.55519235378
796,1,1,0.1569505611337992,7511,18,51,7511,530.4850491041846
473,0,0,0.05264670587149873,1238,6,36,1238,29.329479841011945
138,0,0,0.0761999454295059,2728,15,35,2728,93.54305300926143
199,1,1,0.8645923595837863,4297,18,40,4297,1671.8190161091886
840,1,1,0.8432990152166788,5179,36,29,5179,1965.350519913231
936,0,1,0.33482011089982944,745,9,28,745,112.24844217916782
853,0,1,0.829622978747636,1442,18,32,1442,538.342350909341
43,1,0,0.3306137829677529,6187,30,24,6187,920.4783638496692
431,1,1,0.8706716517383899,11328,24,29,11328,4438.335811901617
647,0,1,0.13012204414617556,1386,12,26,1386,81.1571189339697
383,0,0,0.6317686267124658,1330,12,26,1330,378.1135230874108
803,0,0,0.04207634748651725,976,12,35,976,18.479931816078377
817,0,0,0.0463141951988907,1554,6,24,1554,32.387516702584264
915,1,1,0.6485418286705978,18424,48,32,18424,5376.930593142192
141,1,0,0.921574351418774,4795,36,30,4795,1988.5270567738596
236,1,1,0.9573406023637675,14555,6,23,14555,6270.341610332086
944,0,0,0.8132128039171242,1845,15,46,1845,675.1699304521925
433,0,0,0.4202800510437723,2058,24,33,2058,389.22135527163755
463,0,0,0.14356573397675998,754,12,38,754,48.711853538314664
931,0,1,0.49357867695179547,1670,9,22,1670,370.9243757292743
506,0,0,0.017362809171525724,2360,15,36,2360,18.43930334016032
799,0,0,0.2083777747354777,1549,9,35,1549,145.24972787936474
228,0,1,0.08546858423732884,1478,9,22,1478,56.845155376247405
235,0,1,0.842426354374154,1823,24,30,1823,691.0844598108373
608,0,0,0.29433357146115596,2051,18,33,2051,271.6551697800739
528,0,1,0.9439148695461628,2302,36,31,2302,977.80141336287
682,0,0,0.43439464161702307,1478,15,33,1478,288.91587613948207
653,1,1,0.7151600488467548,8086,36,42,8086,2602.2528697386865
532,0,0,0.07130544720849652,1503,12,41,1503,48.227439219466625
171,0,0,0.21364377740374452,763,12,26,763,73.35459097157567
665,1,0,0.7325770860733509,6314,24,27,6314,2081.471274660212
524,0,0,0.6478050079279458,1113,18,26,1113,324.4531382207117
379,0,0,0.11742066566573642,362,6,52,362,19.12782643694846
548,0,1,0.8352124538297037,626,12,24,626,235.27934824382754
541,0,0,0.4900992995752306,2032,24,60,2032,448.14679953159083
938,1,1,0.9587333468529922,6288,60,42,6288,2712.8318782552265
337,0,1,0.7951874752350667,1275,15,24,1275,456.23881391611957
663,0,0,0.5886551827003388,1050,6,35,1050,278.1395738259101
854,1,0,0.6342471610087511,10875,36,45,10875,3103.847044186576
308,0,1,0.5923423362261443,1237,8,24,1237,329.72736146028325
662,0,0,0.32849323445126294,2241,21,50,2241,331.2690022823761
832,1,1,0.9459080258231573,11816,45,29,11816,5029.582154906892
192,0,1,0.43009640059903675,3915,27,36,3915,757.722333755353
804,1,0,0.5836106045042022,7472,12,24,7472,1962.3322965849295
282,0,0,0.30802151618659773,1445,18,49,1445,200.29099090033517
115,1,0,0.029991318396204787,3578,48,47,3578,48.28902174972933
372,0,0,0.1856679891429011,2146,10,23,2146,179.2995771152996
856,0,0,0.028658401683932286,894,10,40,894,11.52927499744596
844,0,0,0.4815777215719591,3422,18,47,3422,741.5815334486598
715,1,0,0.034765859049607384,7596,30,63,7596,118.83665940336797
83,0,0,0.52123746296614,1755,24,58,1755,411.6472863775091
845,1,0,0.21255750097915357,3976,21,35,3976,380.30788075190156
709,0,0,0.21302693695955746,2118,9,37,2118,203.03597361615422
38,0,0,0.20100239819323615,1225,10,37,1225,110.80257200402143
598,0,1,0.14219312296459657,2775,18,31,2775,177.56366230204
304,1,1,0.5082620946182268,10127,48,44,10127,2316.2266044894523
190,1,1,0.09744235396022594,4591,24,54,4591,201.31103116412876
658,1,0,0.8382641324216266,4221,30,28,4221,1592.2408063282585
219,0,0,0.3110760853233606,1364,10,64,1364,190.93850117147875
717,0,0,0.1810194505300528,1505,18,32,1505,122.59542287147826
89,0,1,0.7430590416237851,1108,12,28,1108,370.4892381536193
194,1,1,0.47546338062397897,3031,45,21,3031,648.5082780020762
133,0,0,0.5856055210016083,1984,18,47,1984,522.8286091502359
455,0,0,0.2843959006947506,2679,24,29,2679,342.85347808255665
664,0,0,0.3803645941204851,1047,6,50,1047,179.20877851986657
793,0,0,0.747448743466708,2892,24,51,2892,972.7297947475738
129,0,1,0.519190262658612,3499,12,29,3499,817.4910280691175
142,0,0,0.45905001670460593,3416,27,27,3416,705.6516856783203
657,1,0,0.2399079062640992,10222,48,37,10222,1103.55237802423
477,1,0,0.8266023467506702,5152,24,25,5152,1916.3948807067538
806,0,0,0.14439203669381764,590,6,26,590,38.33608574220859
698,0,0,0.1645144169846072,1800,18,24,1800,133.25667775753183
620,0,0,0.13309111334487905,3652,21,27,3652,218.72193567097423
347,0,0,0.6200123225730777,3758,24,23,3758,1048.5028387033317
257,0,1,0.8168574291426376,2149,12,29,2149,789.9419768523877
70,1,0,0.48422321485719555,8133,36,30,8133,1772.184332895107
404,0,0,0.32675627327567847,2899,18,43,2899,426.26989630178633
395,1,0,0.8656242364405557,11760,39,32,11760,4580.883459243421
221,0,0,0.8982670558142855,1200,12,23,1200,485.06421013971413
594,0,1,0.4751314004178588,1358,24,40,1358,290.3527987953535
751,0,1,0.8972195875949454,976,18,23,976,394.0588428717
794,0,0,0.41391944726895635,3062,24,32,3062,570.339606391895
800,0,0,0.5488903126307165,1597,24,54,1597,394.46002317206444
802,1,0,0.6174967366081464,4272,20,24,4272,1187.0757264555007
587,0,0,0.6447005616778948,1289,12,21,1289,373.9585608012629
465,0,0,0.7034462441653355,2924,24,63,2924,925.5945680727485
953,1,1,0.8819441299064444,10974,36,26,10974,4355.304696716995
772,0,0,0.008805077931571946,3275,21,36,3275,12.976483601654158
890,0,0,0.4239187338263698,2442,27,43,2442,465.8442966017978
691,0,0,0.5377767448789542,2631,15,25,2631,636.7007770994379
510,0,1,0.4873959144162046,759,12,26,759,166.4700745688547
544,0,0,0.1936079310086941,1255,12,61,1255,109.34007903716
523,0,0,0.0879325807137863,3488,24,23,3488,138.018978688359
791,1,0,0.07531687584237724,6313,24,41,6313,213.9639467368174
485,0,1,0.4392276227392923,1209,6,47,1209,238.96178815131196
941,0,0,0.06182508515527861,1546,10,31,1546,43.01171174252733
947,0,0,0.08085226937564913,2859,12,38,2859,104.02048716524138
220,0,0,0.6519215636347274,625,12,26,625,183.3529397722671
696,0,0,0.07181094230347769,1103,12,29,1103,35.64336121233115
746,0,0,0.7729567560215241,2511,15,23,2511,873.4024864665212
107,1,0,0.538558826931399,6078,12,32,6078,1473.0122475400694
996,0,0,0.45588849846386104,3857,30,40,3857,791.2628723588003
921,1,0,0.3386429876366913,12749,48,37,12749,1942.8117522210798
263,0,0,0.42223116184952675,2748,12,57,2748,522.1310547431248
13,0,1,0.822457718938012,1199,24,60,1199,443.7570622530044
375,1,1,0.774421217350893,7685,48,37,7685,2678.142174903726
974,0,0,0.11254469573339805,2831,30,33,2831,143.37631512956244
998,1,1,0.7433713535764384,1845,45,23,1845,617.184066306838
283,0,0,0.05957607031271408,1520,15,63,1520,40.75003209389643
134,1,0,0.3718587671390342,10144,60,21,10144,1697.4609002362636
78,1,0,0.25867485823243797,9436,54,39,9436,1098.385183026578
336,0,0,0.49747639319623926,2101,13,23,2101,470.33905594738445
353,1,1,0.8898748364618011,6199,12,28,6199,2482.3503500520173
182,0,1,0.6655737705453652,1647,21,40,1647,493.2900000396974
297,0,0,0.054827577856430436,1287,10,45,1287,31.75339171555169
563,1,1,0.4543204048349229,12389,36,37,12389,2532.858972974937
534,0,0,0.19475525236871927,3105,24,25,3105,272.121776372193
167,0,0,0.3332128829669394,1577,11,20,1577,236.46452239748854
2,0,0,0.07521931000471098,2096,12,49,2096,70.9468531964434
28,0,0,0.12684046634369694,2415,7,34,2415,137.84387679901266
993,1,0,0.7600323285414131,3959,36,30,3959,1354.0355949129544
860,1,0,0.05132612367182529,5804,24,27,5804,134.05356980607328
178,0,0,0.1505070196099532,1963,12,31,1963,132.95037577245216
788,1,1,0.928393345820361,6224,48,50,6224,2600.2440829736674
293,1,0,0.36538271205778217,4796,42,56,4796,788.5689691631055
296,1,0,0.09991617561036012,4675,12,20,4675,210.19865444029512
261,0,0,0.7778279927017371,1603,24,55,1603,561.0862225353981
699,0,0,0.6427471335205257,1905,15,40,1905,550.9949802104707
229,0,0,0.93788104524196,3149,24,22,3149,1329.0243351601196
992,0,0,0.45519341809074326,1936,18,23,1936,396.56450584065556
917,1,1,0.9984588809662728,14896,6,68,14896,6692.869570893119
677,1,1,0.9056553646433094,5595,72,24,5595,2280.213794330692
725,0,0,0.04530976532387294,250,6,41,250,5.097348598935706
848,0,0,0.3566986241009862,1364,9,59,1364,218.94161547318532
742,0,0,0.03971432137100025,3160,21,41,3160,56.473764989562355
64,0,0,0.2695561108549397,3181,24,26,3181,385.85609488330346
355,0,1,0.9106768011018048,1246,24,23,1246,510.61648237778195
22,0,0,0.2046802996167689,2241,10,48,2241,206.4098481485306
579,0,0,0.6094170537167736,937,24,27,937,256.9607006996776
96,0,0,0.09685464753646217,2012,12,61,2012,87.69219787951285
522,1,1,0.971383661640328,7119,48,53,7119,3111.8761292478725
977,0,0,0.16311378131477697,2427,18,42,2427,178.14471626293366
52,0,0,0.21905640509381705,1262,12,25,1262,124.4021324527787
542,1,1,0.7236464238936178,6350,30,31,6350,2067.8196562760127
423,0,0,0.14511461581845747,1591,21,34,1591,103.89480919522462
